{
  "Component-dbg.js": 1751185830546,
  "controller/Configuration.controller.js": 1751185830546,
  "controller/Sales.controller.js": 1751185830546,
  "controller/Homepage.controller.js": 1751185830546,
  "model/models.js": 1751185830546,
  "controller/App.controller.js": 1751185830546,
  "manifest.json": 1751364317098,
  "Component.js": 1751185830546,
  "i18n/i18n.properties": 1751185830546,
  "Component.js.map": 1751364317256,
  "controller/Sales-dbg.controller.js": 1751185830546,
  "controller/Sales.controller.js.map": 1751364317326,
  "controller/Homepage-dbg.controller.js": 1751185830546,
  "controller/Homepage.controller.js.map": 1751364317269,
  "model/models-dbg.js": 1751185830546,
  "model/models.js.map": 1751364317256,
  "controller/App-dbg.controller.js": 1751185830546,
  "controller/App.controller.js.map": 1751364317258,
  "controller/Configuration-dbg.controller.js": 1751185830546,
  "controller/Configuration.controller.js.map": 1751364317307,
  "Component-preload.js": 1751364317416,
  "Component-preload.js.map": 1751364317416,
  "view/Sales.view.xml": 1751185830546,
  "view/Homepage.view.xml": 1751185830546,
  "view/Configuration.view.xml": 1751185830546,
  "view/App.view.xml": 1751185830546,
  "css/style.css": 1751185830546,
  "index.html": 1751185830546
}