{
  "manifest.json": 1741185609775,
  "controller/Configuration.controller.js": 1741185545057,
  "controller/Sales.controller.js": 1741086983826,
  "controller/Homepage.controller.js": 1741086947434,
  "model/models.js": 1741086814741,
  "controller/App.controller.js": 1741086814745,
  "i18n/i18n.properties": 1741086814741,
  "Component.js": 1741086814737,
  "controller/Homepage-dbg.controller.js": 1741086947434,
  "controller/Homepage.controller.js.map": 1741185609887,
  "controller/Sales-dbg.controller.js": 1741086983826,
  "controller/Sales.controller.js.map": 1741185609917,
  "controller/Configuration-dbg.controller.js": 1741185545057,
  "controller/Configuration.controller.js.map": 1741185609906,
  "model/models-dbg.js": 1741086814741,
  "model/models.js.map": 1741185609887,
  "controller/App-dbg.controller.js": 1741086814745,
  "controller/App.controller.js.map": 1741185609888,
  "Component-dbg.js": 1741086814737,
  "Component.js.map": 1741185609891,
  "Component-preload.js": 1741185610003,
  "Component-preload.js.map": 1741185610003,
  "view/Sales.view.xml": 1741180852120,
  "view/Homepage.view.xml": 1741086933581,
  "view/Configuration.view.xml": 1741087025806,
  "view/App.view.xml": 1741086814749,
  "css/style.css": 1741086814745,
  "index.html": 1741086814737
}