{
  "namespace": "npv",
  "definitions": {
    "npv.Configuration": {
      "kind": "entity",
      "includes": [
        "managed"
      ],
      "elements": {
        "createdAt": {
          "@cds.on.insert": {
            "=": "$now"
          },
          "@UI.HiddenFilter": true,
          "@UI.ExcludeFromNavigationContext": true,
          "@Core.Immutable": true,
          "@title": "{i18n>CreatedAt}",
          "@readonly": true,
          "type": "cds.Timestamp"
        },
        "createdBy": {
          "@cds.on.insert": {
            "=": "$user"
          },
          "@UI.HiddenFilter": true,
          "@UI.ExcludeFromNavigationContext": true,
          "@Core.Immutable": true,
          "@title": "{i18n>CreatedBy}",
          "@readonly": true,
          "@description": "{i18n>UserID.Description}",
          "type": "User",
          "length": 255
        },
        "modifiedAt": {
          "@cds.on.insert": {
            "=": "$now"
          },
          "@cds.on.update": {
            "=": "$now"
          },
          "@UI.HiddenFilter": true,
          "@UI.ExcludeFromNavigationContext": true,
          "@title": "{i18n>ChangedAt}",
          "@readonly": true,
          "type": "cds.Timestamp"
        },
        "modifiedBy": {
          "@cds.on.insert": {
            "=": "$user"
          },
          "@cds.on.update": {
            "=": "$user"
          },
          "@UI.HiddenFilter": true,
          "@UI.ExcludeFromNavigationContext": true,
          "@title": "{i18n>ChangedBy}",
          "@readonly": true,
          "@description": "{i18n>UserID.Description}",
          "type": "User",
          "length": 255
        },
        "ID": {
          "key": true,
          "type": "cds.UUID"
        },
        "frequency": {
          "type": "cds.String",
          "length": 10
        },
        "periods": {
          "type": "cds.Composition",
          "cardinality": {
            "max": "*"
          },
          "target": "npv.Period",
          "on": [
            {
              "ref": [
                "periods",
                "config"
              ]
            },
            "=",
            {
              "ref": [
                "$self"
              ]
            }
          ]
        }
      }
    },
    "npv.Period": {
      "kind": "entity",
      "includes": [
        "managed"
      ],
      "elements": {
        "createdAt": {
          "@cds.on.insert": {
            "=": "$now"
          },
          "@UI.HiddenFilter": true,
          "@UI.ExcludeFromNavigationContext": true,
          "@Core.Immutable": true,
          "@title": "{i18n>CreatedAt}",
          "@readonly": true,
          "type": "cds.Timestamp"
        },
        "createdBy": {
          "@cds.on.insert": {
            "=": "$user"
          },
          "@UI.HiddenFilter": true,
          "@UI.ExcludeFromNavigationContext": true,
          "@Core.Immutable": true,
          "@title": "{i18n>CreatedBy}",
          "@readonly": true,
          "@description": "{i18n>UserID.Description}",
          "type": "User",
          "length": 255
        },
        "modifiedAt": {
          "@cds.on.insert": {
            "=": "$now"
          },
          "@cds.on.update": {
            "=": "$now"
          },
          "@UI.HiddenFilter": true,
          "@UI.ExcludeFromNavigationContext": true,
          "@title": "{i18n>ChangedAt}",
          "@readonly": true,
          "type": "cds.Timestamp"
        },
        "modifiedBy": {
          "@cds.on.insert": {
            "=": "$user"
          },
          "@cds.on.update": {
            "=": "$user"
          },
          "@UI.HiddenFilter": true,
          "@UI.ExcludeFromNavigationContext": true,
          "@title": "{i18n>ChangedBy}",
          "@readonly": true,
          "@description": "{i18n>UserID.Description}",
          "type": "User",
          "length": 255
        },
        "config": {
          "key": true,
          "type": "cds.Association",
          "target": "npv.Configuration",
          "keys": [
            {
              "ref": [
                "ID"
              ]
            }
          ]
        },
        "periodName": {
          "key": true,
          "type": "cds.String",
          "length": 20
        },
        "percentages": {
          "type": "cds.Composition",
          "cardinality": {
            "max": "*"
          },
          "target": "npv.Percentage",
          "on": [
            {
              "ref": [
                "percentages",
                "period"
              ]
            },
            "=",
            {
              "ref": [
                "$self"
              ]
            }
          ]
        }
      }
    },
    "npv.Percentage": {
      "kind": "entity",
      "includes": [
        "managed"
      ],
      "elements": {
        "createdAt": {
          "@cds.on.insert": {
            "=": "$now"
          },
          "@UI.HiddenFilter": true,
          "@UI.ExcludeFromNavigationContext": true,
          "@Core.Immutable": true,
          "@title": "{i18n>CreatedAt}",
          "@readonly": true,
          "type": "cds.Timestamp"
        },
        "createdBy": {
          "@cds.on.insert": {
            "=": "$user"
          },
          "@UI.HiddenFilter": true,
          "@UI.ExcludeFromNavigationContext": true,
          "@Core.Immutable": true,
          "@title": "{i18n>CreatedBy}",
          "@readonly": true,
          "@description": "{i18n>UserID.Description}",
          "type": "User",
          "length": 255
        },
        "modifiedAt": {
          "@cds.on.insert": {
            "=": "$now"
          },
          "@cds.on.update": {
            "=": "$now"
          },
          "@UI.HiddenFilter": true,
          "@UI.ExcludeFromNavigationContext": true,
          "@title": "{i18n>ChangedAt}",
          "@readonly": true,
          "type": "cds.Timestamp"
        },
        "modifiedBy": {
          "@cds.on.insert": {
            "=": "$user"
          },
          "@cds.on.update": {
            "=": "$user"
          },
          "@UI.HiddenFilter": true,
          "@UI.ExcludeFromNavigationContext": true,
          "@title": "{i18n>ChangedBy}",
          "@readonly": true,
          "@description": "{i18n>UserID.Description}",
          "type": "User",
          "length": 255
        },
        "period": {
          "key": true,
          "type": "cds.Association",
          "target": "npv.Period",
          "keys": [
            {
              "ref": [
                "config"
              ]
            },
            {
              "ref": [
                "periodName"
              ]
            }
          ]
        },
        "index": {
          "key": true,
          "type": "cds.Integer"
        },
        "value": {
          "type": "cds.Decimal",
          "precision": 5,
          "scale": 2
        }
      }
    },
    "NPVService": {
      "@source": "srv/service.cds",
      "kind": "service"
    },
    "NPVService.Configurations": {
      "kind": "entity",
      "projection": {
        "from": {
          "ref": [
            "npv.Configuration"
          ]
        },
        "columns": [
          "*",
          {
            "ref": [
              "createdBy"
            ]
          },
          {
            "ref": [
              "modifiedBy"
            ]
          },
          {
            "ref": [
              "createdAt"
            ]
          },
          {
            "ref": [
              "modifiedAt"
            ]
          }
        ]
      },
      "elements": {
        "createdAt": {
          "@cds.on.insert": {
            "=": "$now"
          },
          "@UI.HiddenFilter": true,
          "@UI.ExcludeFromNavigationContext": true,
          "@Core.Immutable": true,
          "@title": "{i18n>CreatedAt}",
          "@readonly": true,
          "type": "cds.Timestamp"
        },
        "createdBy": {
          "@cds.on.insert": {
            "=": "$user"
          },
          "@UI.HiddenFilter": true,
          "@UI.ExcludeFromNavigationContext": true,
          "@Core.Immutable": true,
          "@title": "{i18n>CreatedBy}",
          "@readonly": true,
          "@description": "{i18n>UserID.Description}",
          "type": "User",
          "length": 255
        },
        "modifiedAt": {
          "@cds.on.insert": {
            "=": "$now"
          },
          "@cds.on.update": {
            "=": "$now"
          },
          "@UI.HiddenFilter": true,
          "@UI.ExcludeFromNavigationContext": true,
          "@title": "{i18n>ChangedAt}",
          "@readonly": true,
          "type": "cds.Timestamp"
        },
        "modifiedBy": {
          "@cds.on.insert": {
            "=": "$user"
          },
          "@cds.on.update": {
            "=": "$user"
          },
          "@UI.HiddenFilter": true,
          "@UI.ExcludeFromNavigationContext": true,
          "@title": "{i18n>ChangedBy}",
          "@readonly": true,
          "@description": "{i18n>UserID.Description}",
          "type": "User",
          "length": 255
        },
        "ID": {
          "key": true,
          "type": "cds.UUID"
        },
        "frequency": {
          "type": "cds.String",
          "length": 10
        },
        "periods": {
          "type": "cds.Composition",
          "cardinality": {
            "max": "*"
          },
          "target": "NPVService.Periods",
          "on": [
            {
              "ref": [
                "periods",
                "config"
              ]
            },
            "=",
            {
              "ref": [
                "$self"
              ]
            }
          ]
        }
      }
    },
    "NPVService.Periods": {
      "kind": "entity",
      "projection": {
        "from": {
          "ref": [
            "npv.Period"
          ]
        },
        "columns": [
          "*",
          {
            "ref": [
              "createdBy"
            ]
          },
          {
            "ref": [
              "modifiedBy"
            ]
          },
          {
            "ref": [
              "createdAt"
            ]
          },
          {
            "ref": [
              "modifiedAt"
            ]
          }
        ]
      },
      "elements": {
        "createdAt": {
          "@cds.on.insert": {
            "=": "$now"
          },
          "@UI.HiddenFilter": true,
          "@UI.ExcludeFromNavigationContext": true,
          "@Core.Immutable": true,
          "@title": "{i18n>CreatedAt}",
          "@readonly": true,
          "type": "cds.Timestamp"
        },
        "createdBy": {
          "@cds.on.insert": {
            "=": "$user"
          },
          "@UI.HiddenFilter": true,
          "@UI.ExcludeFromNavigationContext": true,
          "@Core.Immutable": true,
          "@title": "{i18n>CreatedBy}",
          "@readonly": true,
          "@description": "{i18n>UserID.Description}",
          "type": "User",
          "length": 255
        },
        "modifiedAt": {
          "@cds.on.insert": {
            "=": "$now"
          },
          "@cds.on.update": {
            "=": "$now"
          },
          "@UI.HiddenFilter": true,
          "@UI.ExcludeFromNavigationContext": true,
          "@title": "{i18n>ChangedAt}",
          "@readonly": true,
          "type": "cds.Timestamp"
        },
        "modifiedBy": {
          "@cds.on.insert": {
            "=": "$user"
          },
          "@cds.on.update": {
            "=": "$user"
          },
          "@UI.HiddenFilter": true,
          "@UI.ExcludeFromNavigationContext": true,
          "@title": "{i18n>ChangedBy}",
          "@readonly": true,
          "@description": "{i18n>UserID.Description}",
          "type": "User",
          "length": 255
        },
        "config": {
          "key": true,
          "type": "cds.Association",
          "target": "NPVService.Configurations",
          "keys": [
            {
              "ref": [
                "ID"
              ]
            }
          ]
        },
        "periodName": {
          "key": true,
          "type": "cds.String",
          "length": 20
        },
        "percentages": {
          "type": "cds.Composition",
          "cardinality": {
            "max": "*"
          },
          "target": "NPVService.Percentages",
          "on": [
            {
              "ref": [
                "percentages",
                "period"
              ]
            },
            "=",
            {
              "ref": [
                "$self"
              ]
            }
          ]
        }
      }
    },
    "NPVService.Percentages": {
      "kind": "entity",
      "projection": {
        "from": {
          "ref": [
            "npv.Percentage"
          ]
        },
        "columns": [
          "*",
          {
            "ref": [
              "createdBy"
            ]
          },
          {
            "ref": [
              "modifiedBy"
            ]
          },
          {
            "ref": [
              "createdAt"
            ]
          },
          {
            "ref": [
              "modifiedAt"
            ]
          }
        ]
      },
      "elements": {
        "createdAt": {
          "@cds.on.insert": {
            "=": "$now"
          },
          "@UI.HiddenFilter": true,
          "@UI.ExcludeFromNavigationContext": true,
          "@Core.Immutable": true,
          "@title": "{i18n>CreatedAt}",
          "@readonly": true,
          "type": "cds.Timestamp"
        },
        "createdBy": {
          "@cds.on.insert": {
            "=": "$user"
          },
          "@UI.HiddenFilter": true,
          "@UI.ExcludeFromNavigationContext": true,
          "@Core.Immutable": true,
          "@title": "{i18n>CreatedBy}",
          "@readonly": true,
          "@description": "{i18n>UserID.Description}",
          "type": "User",
          "length": 255
        },
        "modifiedAt": {
          "@cds.on.insert": {
            "=": "$now"
          },
          "@cds.on.update": {
            "=": "$now"
          },
          "@UI.HiddenFilter": true,
          "@UI.ExcludeFromNavigationContext": true,
          "@title": "{i18n>ChangedAt}",
          "@readonly": true,
          "type": "cds.Timestamp"
        },
        "modifiedBy": {
          "@cds.on.insert": {
            "=": "$user"
          },
          "@cds.on.update": {
            "=": "$user"
          },
          "@UI.HiddenFilter": true,
          "@UI.ExcludeFromNavigationContext": true,
          "@title": "{i18n>ChangedBy}",
          "@readonly": true,
          "@description": "{i18n>UserID.Description}",
          "type": "User",
          "length": 255
        },
        "period": {
          "key": true,
          "type": "cds.Association",
          "target": "NPVService.Periods",
          "keys": [
            {
              "ref": [
                "config"
              ]
            },
            {
              "ref": [
                "periodName"
              ]
            }
          ]
        },
        "index": {
          "key": true,
          "type": "cds.Integer"
        },
        "value": {
          "type": "cds.Decimal",
          "precision": 5,
          "scale": 2
        }
      }
    },
    "Language": {
      "kind": "type",
      "@title": "{i18n>Language}",
      "@description": "{i18n>LanguageCode.Description}",
      "type": "cds.Association",
      "target": "sap.common.Languages",
      "keys": [
        {
          "ref": [
            "code"
          ]
        }
      ]
    },
    "Currency": {
      "kind": "type",
      "@title": "{i18n>Currency}",
      "@description": "{i18n>CurrencyCode.Description}",
      "type": "cds.Association",
      "target": "sap.common.Currencies",
      "keys": [
        {
          "ref": [
            "code"
          ]
        }
      ]
    },
    "Country": {
      "kind": "type",
      "@title": "{i18n>Country}",
      "@description": "{i18n>CountryCode.Description}",
      "type": "cds.Association",
      "target": "sap.common.Countries",
      "keys": [
        {
          "ref": [
            "code"
          ]
        }
      ]
    },
    "Timezone": {
      "kind": "type",
      "type": "cds.Association",
      "target": "sap.common.Timezones",
      "keys": [
        {
          "ref": [
            "code"
          ]
        }
      ]
    },
    "sap.common": {
      "kind": "context"
    },
    "sap.common.Locale": {
      "kind": "type",
      "@title": "{i18n>LanguageCode}",
      "type": "cds.String",
      "length": 14
    },
    "sap.common.Languages": {
      "kind": "entity",
      "@cds.autoexpose": true,
      "@cds.persistence.skip": "if-unused",
      "@UI.Identification": [
        {
          "Value": {
            "=": "name"
          }
        }
      ],
      "@cds.odata.valuelist": true,
      "includes": [
        "sap.common.CodeList"
      ],
      "elements": {
        "name": {
          "@title": "{i18n>Name}",
          "localized": true,
          "type": "cds.String",
          "length": 255
        },
        "descr": {
          "@title": "{i18n>Description}",
          "localized": true,
          "type": "cds.String",
          "length": 1000
        },
        "code": {
          "@Common.Text": {
            "=": "name"
          },
          "@title": "{i18n>LanguageCode}",
          "key": true,
          "type": "sap.common.Locale",
          "length": 14
        },
        "texts": {
          "type": "cds.Composition",
          "cardinality": {
            "max": "*"
          },
          "target": "sap.common.Languages.texts",
          "on": [
            {
              "ref": [
                "texts",
                "code"
              ]
            },
            "=",
            {
              "ref": [
                "code"
              ]
            }
          ]
        },
        "localized": {
          "type": "cds.Association",
          "target": "sap.common.Languages.texts",
          "on": [
            {
              "ref": [
                "localized",
                "code"
              ]
            },
            "=",
            {
              "ref": [
                "code"
              ]
            },
            "and",
            {
              "ref": [
                "localized",
                "locale"
              ]
            },
            "=",
            {
              "ref": [
                "$user",
                "locale"
              ]
            }
          ]
        }
      }
    },
    "sap.common.Countries": {
      "kind": "entity",
      "@cds.autoexpose": true,
      "@cds.persistence.skip": "if-unused",
      "@UI.Identification": [
        {
          "Value": {
            "=": "name"
          }
        }
      ],
      "@cds.odata.valuelist": true,
      "includes": [
        "sap.common.CodeList"
      ],
      "elements": {
        "name": {
          "@title": "{i18n>Name}",
          "localized": true,
          "type": "cds.String",
          "length": 255
        },
        "descr": {
          "@title": "{i18n>Description}",
          "localized": true,
          "type": "cds.String",
          "length": 1000
        },
        "code": {
          "@title": "{i18n>CountryCode}",
          "@Common.Text": {
            "=": "name"
          },
          "key": true,
          "type": "cds.String",
          "length": 3
        },
        "texts": {
          "type": "cds.Composition",
          "cardinality": {
            "max": "*"
          },
          "target": "sap.common.Countries.texts",
          "on": [
            {
              "ref": [
                "texts",
                "code"
              ]
            },
            "=",
            {
              "ref": [
                "code"
              ]
            }
          ]
        },
        "localized": {
          "type": "cds.Association",
          "target": "sap.common.Countries.texts",
          "on": [
            {
              "ref": [
                "localized",
                "code"
              ]
            },
            "=",
            {
              "ref": [
                "code"
              ]
            },
            "and",
            {
              "ref": [
                "localized",
                "locale"
              ]
            },
            "=",
            {
              "ref": [
                "$user",
                "locale"
              ]
            }
          ]
        }
      }
    },
    "sap.common.Currencies": {
      "kind": "entity",
      "@cds.autoexpose": true,
      "@cds.persistence.skip": "if-unused",
      "@UI.Identification": [
        {
          "Value": {
            "=": "name"
          }
        }
      ],
      "@cds.odata.valuelist": true,
      "includes": [
        "sap.common.CodeList"
      ],
      "elements": {
        "name": {
          "@title": "{i18n>Name}",
          "localized": true,
          "type": "cds.String",
          "length": 255
        },
        "descr": {
          "@title": "{i18n>Description}",
          "localized": true,
          "type": "cds.String",
          "length": 1000
        },
        "code": {
          "@title": "{i18n>CurrencyCode}",
          "@Common.Text": {
            "=": "name"
          },
          "key": true,
          "type": "cds.String",
          "length": 3
        },
        "symbol": {
          "@title": "{i18n>CurrencySymbol}",
          "type": "cds.String",
          "length": 5
        },
        "minorUnit": {
          "@title": "{i18n>CurrencyMinorUnit}",
          "type": "cds.Int16"
        },
        "texts": {
          "type": "cds.Composition",
          "cardinality": {
            "max": "*"
          },
          "target": "sap.common.Currencies.texts",
          "on": [
            {
              "ref": [
                "texts",
                "code"
              ]
            },
            "=",
            {
              "ref": [
                "code"
              ]
            }
          ]
        },
        "localized": {
          "type": "cds.Association",
          "target": "sap.common.Currencies.texts",
          "on": [
            {
              "ref": [
                "localized",
                "code"
              ]
            },
            "=",
            {
              "ref": [
                "code"
              ]
            },
            "and",
            {
              "ref": [
                "localized",
                "locale"
              ]
            },
            "=",
            {
              "ref": [
                "$user",
                "locale"
              ]
            }
          ]
        }
      }
    },
    "sap.common.Timezones": {
      "kind": "entity",
      "@cds.autoexpose": true,
      "@cds.persistence.skip": "if-unused",
      "@UI.Identification": [
        {
          "Value": {
            "=": "name"
          }
        }
      ],
      "@cds.odata.valuelist": true,
      "includes": [
        "sap.common.CodeList"
      ],
      "elements": {
        "name": {
          "@title": "{i18n>Name}",
          "localized": true,
          "type": "cds.String",
          "length": 255
        },
        "descr": {
          "@title": "{i18n>Description}",
          "localized": true,
          "type": "cds.String",
          "length": 1000
        },
        "code": {
          "@title": "{i18n>TimeZoneCode}",
          "key": true,
          "type": "cds.String",
          "length": 100
        },
        "texts": {
          "type": "cds.Composition",
          "cardinality": {
            "max": "*"
          },
          "target": "sap.common.Timezones.texts",
          "on": [
            {
              "ref": [
                "texts",
                "code"
              ]
            },
            "=",
            {
              "ref": [
                "code"
              ]
            }
          ]
        },
        "localized": {
          "type": "cds.Association",
          "target": "sap.common.Timezones.texts",
          "on": [
            {
              "ref": [
                "localized",
                "code"
              ]
            },
            "=",
            {
              "ref": [
                "code"
              ]
            },
            "and",
            {
              "ref": [
                "localized",
                "locale"
              ]
            },
            "=",
            {
              "ref": [
                "$user",
                "locale"
              ]
            }
          ]
        }
      }
    },
    "sap.common.CodeList": {
      "kind": "aspect",
      "@cds.autoexpose": true,
      "@cds.persistence.skip": "if-unused",
      "@UI.Identification": [
        {
          "Value": {
            "=": "name"
          }
        }
      ],
      "@cds.odata.valuelist": true,
      "elements": {
        "name": {
          "@title": "{i18n>Name}",
          "localized": true,
          "type": "cds.String",
          "length": 255
        },
        "descr": {
          "@title": "{i18n>Description}",
          "localized": true,
          "type": "cds.String",
          "length": 1000
        }
      }
    },
    "sap.common.TextsAspect": {
      "kind": "aspect",
      "elements": {
        "locale": {
          "@title": "{i18n>LanguageCode}",
          "key": true,
          "type": "sap.common.Locale",
          "length": 14
        }
      }
    },
    "cuid": {
      "kind": "aspect",
      "elements": {
        "ID": {
          "key": true,
          "type": "cds.UUID"
        }
      }
    },
    "managed": {
      "kind": "aspect",
      "elements": {
        "createdAt": {
          "@cds.on.insert": {
            "=": "$now"
          },
          "@UI.HiddenFilter": true,
          "@UI.ExcludeFromNavigationContext": true,
          "@Core.Immutable": true,
          "@title": "{i18n>CreatedAt}",
          "@readonly": true,
          "type": "cds.Timestamp"
        },
        "createdBy": {
          "@cds.on.insert": {
            "=": "$user"
          },
          "@UI.HiddenFilter": true,
          "@UI.ExcludeFromNavigationContext": true,
          "@Core.Immutable": true,
          "@title": "{i18n>CreatedBy}",
          "@readonly": true,
          "@description": "{i18n>UserID.Description}",
          "type": "User",
          "length": 255
        },
        "modifiedAt": {
          "@cds.on.insert": {
            "=": "$now"
          },
          "@cds.on.update": {
            "=": "$now"
          },
          "@UI.HiddenFilter": true,
          "@UI.ExcludeFromNavigationContext": true,
          "@title": "{i18n>ChangedAt}",
          "@readonly": true,
          "type": "cds.Timestamp"
        },
        "modifiedBy": {
          "@cds.on.insert": {
            "=": "$user"
          },
          "@cds.on.update": {
            "=": "$user"
          },
          "@UI.HiddenFilter": true,
          "@UI.ExcludeFromNavigationContext": true,
          "@title": "{i18n>ChangedBy}",
          "@readonly": true,
          "@description": "{i18n>UserID.Description}",
          "type": "User",
          "length": 255
        }
      }
    },
    "temporal": {
      "kind": "aspect",
      "elements": {
        "validFrom": {
          "@cds.valid.from": true,
          "type": "cds.Timestamp"
        },
        "validTo": {
          "@cds.valid.to": true,
          "type": "cds.Timestamp"
        }
      }
    },
    "User": {
      "kind": "type",
      "@title": "{i18n>UserID}",
      "@description": "{i18n>UserID.Description}",
      "type": "cds.String",
      "length": 255
    },
    "sap.common.Languages.texts": {
      "kind": "entity",
      "@odata.draft.enabled": false,
      "includes": [
        "sap.common.TextsAspect"
      ],
      "elements": {
        "locale": {
          "@title": "{i18n>LanguageCode}",
          "key": true,
          "type": "sap.common.Locale",
          "length": 14
        },
        "name": {
          "@title": "{i18n>Name}",
          "localized": null,
          "type": "cds.String",
          "length": 255
        },
        "descr": {
          "@title": "{i18n>Description}",
          "localized": null,
          "type": "cds.String",
          "length": 1000
        },
        "code": {
          "@odata.containment.ignore": true,
          "@Common.Text": {
            "=": "name"
          },
          "@title": "{i18n>LanguageCode}",
          "key": true,
          "type": "sap.common.Locale",
          "length": 14
        }
      }
    },
    "sap.common.Countries.texts": {
      "kind": "entity",
      "@odata.draft.enabled": false,
      "includes": [
        "sap.common.TextsAspect"
      ],
      "elements": {
        "locale": {
          "@title": "{i18n>LanguageCode}",
          "key": true,
          "type": "sap.common.Locale",
          "length": 14
        },
        "name": {
          "@title": "{i18n>Name}",
          "localized": null,
          "type": "cds.String",
          "length": 255
        },
        "descr": {
          "@title": "{i18n>Description}",
          "localized": null,
          "type": "cds.String",
          "length": 1000
        },
        "code": {
          "@odata.containment.ignore": true,
          "@title": "{i18n>CountryCode}",
          "@Common.Text": {
            "=": "name"
          },
          "key": true,
          "type": "cds.String",
          "length": 3
        }
      }
    },
    "sap.common.Currencies.texts": {
      "kind": "entity",
      "@odata.draft.enabled": false,
      "includes": [
        "sap.common.TextsAspect"
      ],
      "elements": {
        "locale": {
          "@title": "{i18n>LanguageCode}",
          "key": true,
          "type": "sap.common.Locale",
          "length": 14
        },
        "name": {
          "@title": "{i18n>Name}",
          "localized": null,
          "type": "cds.String",
          "length": 255
        },
        "descr": {
          "@title": "{i18n>Description}",
          "localized": null,
          "type": "cds.String",
          "length": 1000
        },
        "code": {
          "@odata.containment.ignore": true,
          "@title": "{i18n>CurrencyCode}",
          "@Common.Text": {
            "=": "name"
          },
          "key": true,
          "type": "cds.String",
          "length": 3
        }
      }
    },
    "sap.common.Timezones.texts": {
      "kind": "entity",
      "@odata.draft.enabled": false,
      "includes": [
        "sap.common.TextsAspect"
      ],
      "elements": {
        "locale": {
          "@title": "{i18n>LanguageCode}",
          "key": true,
          "type": "sap.common.Locale",
          "length": 14
        },
        "name": {
          "@title": "{i18n>Name}",
          "localized": null,
          "type": "cds.String",
          "length": 255
        },
        "descr": {
          "@title": "{i18n>Description}",
          "localized": null,
          "type": "cds.String",
          "length": 1000
        },
        "code": {
          "@odata.containment.ignore": true,
          "@title": "{i18n>TimeZoneCode}",
          "key": true,
          "type": "cds.String",
          "length": 100
        }
      }
    }
  },
  "meta": {
    "creator": "CDS Compiler v5.8.0",
    "flavor": "inferred"
  },
  "$version": "2.0"
}