{
  "controller/Sales-dbg.controller.js": 1758463779899,
  "controller/Configuration.controller.js": 1757316236598,
  "controller/Sales.controller.js": 1758463779899,
  "controller/Homepage.controller.js": 1756718801823,
  "model/models.js": 1751185830546,
  "controller/App.controller.js": 1751185830546,
  "manifest.json": 1758464054918,
  "Component.js": 1757314377280,
  "i18n/i18n.properties": 1751185830546,
  "controller/Sales.controller.js.map": 1758464055157,
  "controller/Configuration-dbg.controller.js": 1757316236598,
  "controller/Configuration.controller.js.map": 1758464055079,
  "controller/Homepage-dbg.controller.js": 1756718801823,
  "controller/Homepage.controller.js.map": 1758464055053,
  "model/models-dbg.js": 1751185830546,
  "model/models.js.map": 1758464055056,
  "controller/App-dbg.controller.js": 1751185830546,
  "controller/App.controller.js.map": 1758464055054,
  "Component-dbg.js": 1757314377280,
  "Component.js.map": 1758464055062,
  "Component-preload.js": 1758464055252,
  "Component-preload.js.map": 1758464055252,
  "view/Sales.view.xml": 1758451512337,
  "view/Homepage.view.xml": 1751185830546,
  "view/Configuration.view.xml": 1758004123580,
  "view/App.view.xml": 1751185830546,
  "css/style.css": 1751185830546,
  "index.html": 1756130639172
}